workload,variant,structure,n,time_ms,steps,moves,comparisons
W1,-,DynamicArray,100,0.450,10000,0,0
W1,-,MyLinkedList,100,1.093,255833,0,0
W2,-,DynamicArray,100,1.922,74532,0,74532
W2,-,MyLinkedList,100,1.055,74532,0,74532
W3,head,DynamicArray,100,3.528,201000,201000,0
W3,head,MyLinkedList,100,0.284,1000,4000,0
W3,middle,DynamicArray,100,1.575,101000,101000,0
W3,middle,MyLinkedList,100,0.325,100000,6000,0
W4,-,MinHeap,100,0.084,862,1351,1029
W1,-,DynamicArray,1000,0.132,10000,0,0
W1,-,MyLinkedList,1000,5.069,2499418,0,0
W2,-,DynamicArray,1000,0.603,742374,0,742374
W2,-,MyLinkedList,1000,1.688,742374,0,742374
W3,head,DynamicArray,1000,2.661,2001000,2001000,0
W3,head,MyLinkedList,1000,0.110,1000,4000,0
W3,middle,DynamicArray,1000,0.746,1001000,1001000,0
W3,middle,MyLinkedList,1000,1.896,1000000,6000,0
W4,-,MinHeap,1000,0.483,12034,20501,17251
W1,-,DynamicArray,10000,0.132,10000,0,0
W1,-,MyLinkedList,10000,64.360,24910291,0,0
W2,-,DynamicArray,10000,6.649,7338854,0,7338854
W2,-,MyLinkedList,10000,17.529,7338854,0,7338854
W3,head,DynamicArray,10000,15.905,20001000,20001000,0
W3,head,MyLinkedList,10000,0.103,1000,4000,0
W3,middle,DynamicArray,10000,7.746,10001000,10001000,0
W3,middle,MyLinkedList,10000,23.098,10000000,6000,0
W4,-,MinHeap,10000,2.167,151190,269151,239227
W1,-,DynamicArray,100000,0.009,10000,0,0
W1,-,MyLinkedList,100000,702.497,252013628,0,0
W2,-,DynamicArray,100000,68.743,73656952,0,73656952
W2,-,MyLinkedList,100000,186.338,73656952,0,73656952
W3,head,DynamicArray,100000,66.887,200001000,200001000,0
W3,head,MyLinkedList,100000,0.010,1000,4000,0
W3,middle,DynamicArray,100000,34.326,100001000,100001000,0
W3,middle,MyLinkedList,100000,247.887,100000000,6000,0
W4,-,MinHeap,100000,16.041,1907358,3420469,3059361
